hit_id,particle_id,tx,ty,tz,tpx,tpy,tpz,weight,x,y,z,volume_id,layer_id,module_id,psi
18511,761119332141891584,-30.3661,-13.9414,0.21845100000000003,-1.37135,-0.63958,-0.0905887,1.85152e-05,-30.3667,-13.9407,0.23066199999999998,8,2,98,1.5638932332028224
18513,761127303601192960,-24.0165,-21.0501,-5.34324,-0.122958,-0.11950999999999999,-0.040325599999999996,1.75138e-05,-24.0216,-21.0444,-5.34374,8,2,98,1.405005367043382
18515,13514303575425024,-27.1572,-17.534000000000002,-5.08542,-1.1129,-0.707457,-0.120439,3.33796e-05,-27.1586,-17.5324,-5.09639,8,2,98,1.414427641935573
18520,896222167002251264,-22.1696,-23.1178,-2.6232,-0.378315,-0.406925,0.0284366,1.1706700000000001e-05,-22.1564,-23.1326,-2.62812,8,2,98,1.4889319631359474
18527,360292574394580992,-31.1356,-13.0798,-4.97698,-0.215696,-0.07937480000000001,-0.0409051,1.29602e-05,-31.1357,-13.0797,-4.9772,8,2,98,1.4244707284041491
18529,387310392587583488,-27.4978,-17.1526,-3.36254,-0.521399,-0.33704,-0.00695993,1.58491e-05,-27.4979,-17.1525,-3.3593800000000003,8,2,98,1.4675093955099539
18532,761119125983461376,-30.6471,-13.6267,0.225649,-0.16201600000000002,-0.060886800000000005,-0.010605799999999999,7.42652e-06,-30.6505,-13.6229,0.240623,8,2,98,1.5636225746078942
18538,441361215977947136,-23.5111,-21.616,0.584952,-0.27935,-0.244533,0.0367814,9.01219e-06,-23.5129,-21.614,0.578121,8,2,98,1.552696823243145
18543,40537962923950080,-28.3486,-16.2001,-5.4796,-0.305144,-0.1853,-0.00167516,1.57624e-05,-28.3493,-16.1992,-5.49688,8,2,98,1.404008451697831
18556,720584461594394624,-28.9823,-15.4906,0.446805,-0.383447,-0.193577,-0.0176371,8.58176e-06,-28.9798,-15.4934,0.46562600000000004,8,2,98,1.5566279020517755
18567,387323243129733120,-30.8232,-13.4296,-0.685034,-0.347533,-0.141388,0.0254294,7.06191e-06,-30.8234,-13.4294,-0.681523,8,2,98,1.5505288791067806
18570,387341178913161216,-25.8704,-18.9746,-2.86293,-0.560377,-0.47111499999999995,0.047272,1.57289e-05,-25.8722,-18.9725,-2.8531299999999997,8,2,98,1.4821003280255973
18571,806149555979550720,-30.2231,-14.1015,-5.36757,-0.48661499999999996,-0.238418,0.037172699999999996,1.07357e-05,-30.2246,-14.0998,-5.38438,8,2,98,1.4107345817841062
18575,644015021591887872,-25.4599,-19.4341,-1.7885400000000002,-0.416897,-0.329408,-0.11686400000000001,1.30032e-05,-25.4603,-19.4337,-1.79077,8,2,98,1.5149446363117602
18585,702563809612529664,-30.3798,-13.925999999999998,-3.32626,-0.326776,-0.161225,-0.196247,1.1345799999999999e-05,-30.381,-13.9247,-3.3286,8,2,98,1.4715249439457994
18590,873724303672082432,-26.927,-17.7916,-5.51389,-0.44610900000000003,-0.24664899999999998,-0.136211,1.4676e-05,-26.9257,-17.7931,-5.51628,8,2,98,1.4015100472783943
18597,585471662409908224,-22.9064,-22.293000000000003,-0.11921300000000001,-0.44487600000000005,-0.41938000000000003,0.10587,1.12251e-05,-22.9053,-22.2941,-0.12122899999999999,8,2,98,1.5670036392445443
18602,896216806883065856,-22.8544,-22.3511,-3.5846199999999997,-0.31030100000000005,-0.316499,0.00781835,1.23775e-05,-22.8558,-22.3495,-3.5843800000000003,8,2,98,1.4591351447528902
18603,220677206374875136,-23.9777,-21.0935,-4.77487,-0.207432,-0.19581199999999999,0.05179450000000001,1.75138e-05,-23.9827,-21.0879,-4.77372,8,2,98,1.4224144479316634
18607,761111841718927360,-23.2288,-21.932,0.855398,-2.09462,-1.9641400000000002,-0.11761400000000001,4.82087e-05,-23.2222,-21.9393,0.8593709999999999,8,2,98,1.5439028187571628
18612,562950984213463040,-22.1593,-23.1293,-4.57322,-0.498396,-0.505675,-0.06898539999999999,2.10656e-05,-22.1564,-23.1326,-4.57517,8,2,98,1.428922907108588
18617,342275908142366720,-27.6034,-17.0343,-3.02391,-0.797816,-0.48148500000000005,-0.0987445,1.81754e-05,-27.6055,-17.032,-3.02188,8,2,98,1.477902660043958
18622,238692085920694272,-21.785999999999998,-23.5473,0.9434379999999999,-0.635216,-0.701336,0.0696025,1.63223e-05,-21.79,-23.5428,0.943157,8,2,98,1.5414037972220993
18633,896216806883065856,-24.24,-23.768,-3.54967,-0.309265,-0.317441,0.0084545,1.07272e-05,-24.2382,-23.7689,-3.5281300000000004,8,2,99,1.4672399110933985
18639,896222029563297792,-15.7227,-27.8723,-4.71663,-0.296457,-0.5060020000000001,-0.00843189,1.4094200000000001e-05,-15.7239,-27.8718,-4.70938,8,2,99,1.4246825876880815
18640,135117953145241600,-15.6958,-27.8853,-0.118421,-0.172049,-0.32260700000000003,0.00387727,1.07272e-05,-15.6978,-27.8844,-0.0968742,8,2,99,1.5677689591817858
18643,896222167002251264,-23.2264,-24.2564,-2.5436900000000002,-0.377767,-0.40734699999999996,0.028873900000000004,1.0368800000000001e-05,-23.2323,-24.2536,-2.54039,8,2,99,1.4953003013717325
18645,716079006541152256,-15.6618,-27.9017,-3.60816,-0.223446,-0.378849,-0.026764,1.3277e-05,-15.6576,-27.9037,-3.59849,8,2,99,1.4588018638881577
18651,761111841718927360,-24.8659,-23.4664,0.763545,-2.09544,-1.9630900000000002,-0.11748299999999999,3.46765e-05,-24.8692,-23.4648,0.746876,8,2,99,1.5489560341881792
18664,689054866156290048,-16.8057,-27.3505,-2.61522,-0.206054,-0.354041,0.0253363,1.14659e-05,-16.8086,-27.3491,-2.62812,8,2,99,1.4891092758217053
18708,540437315403644928,-16.5486,-27.4744,-4.946619999999999,-0.115579,-0.174982,-0.10215700000000001,1.57624e-05,-16.5494,-27.474,-4.94538,8,2,99,1.4178116782384032
18709,743094419552468992,-19.9079,-25.8556,-5.22881,-0.529705,-0.703067,-0.17566700000000002,2.1356700000000002e-05,-19.9082,-25.8554,-5.22915,8,2,99,1.4119004573514828
18713,346777721063342080,-14.3225,-28.5471,-4.158,-0.22389,-0.46807600000000005,-0.216617,1.48798e-05,-14.3199,-28.5483,-4.1554199999999994,8,2,99,1.4414160004965813
18717,729585338657275904,-18.7114,-26.4322,-0.203567,-0.3515,-0.512279,-0.029144299999999998,1.3554700000000001e-05,-18.7124,-26.4317,-0.209377,8,2,99,1.5643311720160145
18731,562950984213463040,-23.2571,-24.2417,-4.72506,-0.49895,-0.504972,-0.06968089999999999,1.7320599999999998e-05,-23.2591,-24.2407,-4.71531,8,2,99,1.431348149466292
18732,662032787355729920,-16.1527,-27.6651,-1.2462600000000001,-0.245414,-0.43788999999999995,0.060588699999999995,1.33254e-05,-16.1534,-27.6648,-1.24261,8,2,99,1.5320272352237685
18733,135114654610358272,-21.3908,-25.141,-0.597539,-0.337846,-0.41148100000000004,-0.00353284,1.19399e-05,-21.3915,-25.1407,-0.6031270000000001,8,2,99,1.5525272447626033
18737,387328122212581376,-10.7141,-30.2859,0.9009780000000001,-0.137857,-0.418455,0.0531741,1.00547e-05,-10.7165,-30.2848,0.907673,8,2,99,1.542549386382282
18739,153125342268096512,-19.9296,-25.8451,-3.3448300000000004,-0.11302100000000001,-0.163149,0.000344314,1.4948900000000002e-05,-19.9293,-25.8452,-3.3593800000000003,8,2,99,1.4682248375543934
18743,585471662409908224,-24.3954,-23.6931,0.23489899999999997,-0.44611999999999996,-0.41720100000000004,0.105874,8.32831e-06,-24.3948,-23.6934,0.23410999999999998,8,2,99,1.563912286725096
18745,378303193332842496,-18.4423,-26.5618,-0.8839899999999999,-0.143973,-0.22504699999999997,0.0927784,1.75138e-05,-18.4403,-26.5628,-0.8865270000000001,8,2,99,1.5433872254980487
18746,441361215977947136,-25.3604,-23.2281,0.828476,-0.280202,-0.24282600000000001,0.0360725,6.860019999999999e-06,-25.3584,-23.2291,0.824308,8,2,99,1.5468311761100417
18754,225187815388872704,-2.7199299999999997,-31.8318,-4.69067,-0.149792,-1.85458,-0.985721,0.00011207200000000001,-2.71922,-31.8318,-4.69243,8,2,100,1.4249607366614605
18757,405324310060728320,-7.97542,-31.5353,-0.323621,-0.246212,-1.01083,-0.034992699999999995,2.11602e-05,-7.97058,-31.5356,-0.321877,8,2,100,1.560901049557775
18759,337778561987379200,-5.176830000000001,-31.6932,-3.94381,-0.185729,-1.07866,-0.185578,2.59144e-05,-5.17544,-31.6933,-3.9432099999999997,8,2,100,1.4486165747145934
18761,531430116148903936,-9.85247,-31.4295,-4.98864,-0.37245500000000004,-1.2204,-0.110672,2.97679e-05,-9.85292,-31.4294,-4.99063,8,2,100,1.4204225071830572
18766,887210363542568960,-2.39583,-31.8501,0.671702,-0.051781100000000004,-0.567553,0.165224,1.1921500000000001e-05,-2.39641,-31.8501,0.667455,8,2,100,1.5499022993767944
18771,387351555554148352,-4.13773,-31.7518,-4.9316699999999996,-0.0640116,-0.416075,-0.0258564,2.20045e-05,-4.13816,-31.7518,-4.93438,8,2,100,1.417897566167625
18779,648521713595711488,-9.057960000000001,-31.4743,0.28233600000000003,-0.12311,-0.46533,-0.0043525,1.00547e-05,-9.05819,-31.4743,0.296871,8,2,100,1.5617323181497045
18781,13523924302168064,0.26600100000000004,-32.0002,-2.91463,0.00522615,-1.82428,-0.043311699999999995,3.8624699999999996e-05,0.26821100000000003,-32.0004,-2.90937,8,2,100,1.480132083713247
18796,490892977858674688,-2.9123099999999997,-31.820999999999998,0.473361,-0.0697818,-0.652991,-0.030845400000000002,1.4196800000000001e-05,-2.9113900000000004,-31.820999999999998,0.46562600000000004,8,2,100,1.5562255566578964
18818,4519473826496512,-4.85987,-31.7111,0.0070185,-0.0428853,-0.348501,0.0266937,1.1345799999999999e-05,-4.86066,-31.711,0.015621200000000002,8,2,100,1.5703094023098545
18826,630507452525182976,-7.94832,-31.5369,-3.03284,-0.482288,-1.95055,-0.0424671,4.5343e-05,-7.94773,-31.5369,-3.02188,8,2,100,1.478147035422055
18834,315262350556921856,1.48624,-32.0691,-3.57911,0.0017586,-0.260011,-0.0406523,1.14659e-05,1.48905,-32.0692,-3.5836,8,2,100,1.4596309357329738
18836,31531657022406656,-7.31453,-31.5726,-1.9771599999999998,-0.0722642,-0.26638,0.00640868,1.0746400000000001e-05,-7.31385,-31.5727,-1.95313,8,2,100,1.5106036339003792
18843,837676608797016064,-0.480764,-31.9581,-0.459815,0.00272695,-0.42008100000000004,0.029236200000000004,8.58176e-06,-0.476112,-31.9584,-0.455275,8,2,100,1.5565530073379013
18846,630507246366752768,-3.77846,-31.7721,-3.74506,-0.180557,-1.43225,-0.0627131,3.62653e-05,-3.77665,-31.7722,-3.7531199999999996,8,2,100,1.454029784236526
18847,202665487924985856,0.531764,-32.0152,-4.36109,0.027804000000000002,-1.15856,-0.33966399999999997,2.9679699999999996e-05,0.540562,-32.0157,-4.35745,8,2,100,1.4355430163508553
18851,819655956815151104,-9.07652,-31.4732,-4.26576,-0.261708,-0.868765,-0.34944000000000003,2.19313e-05,-9.07723,-31.4732,-4.2667,8,2,100,1.4412687232002
18852,378316112594468864,-0.392948,-31.9631,0.372027,-0.027940800000000002,-1.32124,0.5162140000000001,2.2034699999999998e-05,-0.403242,-31.9625,0.371854,8,2,100,1.5591637061098118
18877,315262350556921856,1.4928700000000001,-33.3082,-3.77282,0.000407015,-0.26000700000000004,-0.0403978,1.00547e-05,1.49292,-33.3081,-3.7728,8,2,101,1.4581194735448741
18891,860190277606834176,12.0374,-29.6214,-0.693782,0.307658,-0.730539,0.102379,1.32369e-05,12.0433,-29.6193,-0.694941,8,2,101,1.5490652605417536
18898,27022284958990336,8.068610000000001,-31.009,-2.72355,0.0496751,-0.232909,0.0364106,1.57624e-05,8.06434,-31.0105,-2.72534,8,2,101,1.4859451001045054
18916,252205633581875200,8.194939999999999,-30.9649,-3.33595,0.0860793,-0.364043,-0.021842700000000003,1.3277e-05,8.19619,-30.9644,-3.3468199999999997,8,2,101,1.466686524535498
18930,630511781852217344,3.5085599999999997,-32.6034,-2.49681,0.036388,-0.241492,-0.0005230230000000001,1.4010999999999998e-05,3.5076199999999997,-32.6037,-2.51563,8,2,101,1.4942311664426193
18938,585477503565430784,13.3042,-29.1785,-3.23352,0.14615999999999998,-0.346414,0.028961700000000003,9.53528e-06,13.3177,-29.1738,-3.24688,8,2,101,1.4698959677150052
18944,756608929286324224,11.6138,-29.7695,-0.515466,0.101865,-0.234411,-0.05859119999999999,1.07272e-05,11.6185,-29.7679,-0.517296,8,2,101,1.5546094393725203
18948,846679066407862272,11.3604,-29.8581,-2.6536,0.110518,-0.314438,-0.0456285,1.75138e-05,11.3594,-29.8585,-2.65446,8,2,101,1.4878954475687551
18954,824172200826241024,9.3343,-30.5665,-2.89773,-0.0496653,-0.213219,-0.0664097,0.0,9.33292,-30.566999999999997,-2.89816,8,2,101,1.4803629578907733
18967,837681350440910848,12.4532,-29.476,-1.06664,0.48705699999999996,-1.16172,0.0803699,2.54073e-05,12.4681,-29.4708,-1.05313,8,2,101,1.5378975923348615
18971,837676608797016064,-0.464766,-33.9926,-0.317754,0.00346314,-0.419993,0.0290286,6.674700000000001e-06,-0.4661,-33.9931,-0.321877,8,2,101,1.5613286074658366
18976,13524130460598272,10.4966,-30.1601,-3.4087099999999997,0.0921477,-0.23806999999999998,-0.0104873,1.75138e-05,10.4858,-30.1639,-3.41563,8,2,101,1.4642440736252769
18980,842181239216537600,13.8021,-29.0044,-3.3332300000000004,0.0797206,-0.186997,0.0384027,1.57624e-05,13.7897,-29.0088,-3.32939,8,2,101,1.4675090557521109
18981,842175604219445248,3.4141199999999996,-32.6364,-0.411954,0.0562842,-0.44379700000000005,0.119447,1.07272e-05,3.4146,-32.6362,-0.410246,8,2,101,1.5582949446993102
18985,13523924302168064,0.270486,-33.7355,-2.9558299999999997,0.0040691,-1.82418,-0.0428796,3.34747e-05,0.271924,-33.735,-2.96563,8,2,101,1.4831149848105214
18986,202665487924985856,0.5711930000000001,-33.6304,-4.83464,0.0284959,-1.15834,-0.339923,2.4931e-05,0.5706829999999999,-33.6306,-4.83897,8,2,101,1.4279115025436624
19002,756608929286324224,12.4549,-31.6938,-0.9952,0.103523,-0.233688,-0.058055499999999996,7.42652e-06,12.4558,-31.693,-0.994389,8,2,102,1.5416032356917988
19003,27022353678467072,20.4294,-24.5709,-1.86307,0.17932599999999999,-0.230681,0.0528381,1.57624e-05,20.4321,-24.5685,-1.86725,8,2,102,1.5124278191609595
19011,873705680693886976,19.6179,-25.2958,-3.3837099999999998,0.27992100000000003,-0.346637,-0.14081,1.44474e-05,19.6172,-25.2964,-3.38785,8,2,102,1.4653568567881368
19023,450375012302454784,15.0292,-29.3944,-5.39734,0.7822680000000001,-1.35301,-0.582808,3.58567e-05,15.0279,-29.3956,-5.39935,8,2,102,1.4086853395687455
19026,846679066407862272,12.1094,-32.0024,-2.96448,0.10962999999999999,-0.314671,-0.0457791,1.4010999999999998e-05,12.1095,-32.0023,-2.96563,8,2,102,1.4843405467289144
19052,4511639806148608,17.9318,-26.8018,-2.47057,0.253361,-0.36288200000000004,-0.00219232,1.44474e-05,17.9307,-26.8028,-2.45938,8,2,102,1.4946778790733217
19056,225184723012419584,17.3764,-27.2979,-2.9861,0.105148,-0.183303,-0.0986122,1.75138e-05,17.3755,-27.2987,-2.9854,8,2,102,1.4787990014205297
19068,135108744735358976,20.2286,-24.7503,0.7083510000000001,0.424986,-0.531543,0.0242656,1.56471e-05,20.23,-24.749000000000002,0.690624,8,2,102,1.549194105969387
19070,860190277606834176,12.7868,-31.3973,-0.44455900000000004,0.308904,-0.72985,0.10281900000000001,1.00759e-05,12.789000000000001,-31.3954,-0.43861000000000006,8,2,102,1.557858811266278
19073,135108538576928768,21.3742,-23.726999999999997,-1.16304,1.02555,-1.15146,-0.035852999999999996,3.05859e-05,21.3788,-23.7229,-1.16563,8,2,102,1.5343121739413008
19082,837681350440910848,13.1309,-31.09,-0.955001,0.48816800000000005,-1.16117,0.0802214,1.9153199999999998e-05,13.1314,-31.0896,-0.940624,8,2,102,1.5429323968162934
19093,585477503565430784,13.8414,-30.4554,-3.12682,0.145704,-0.3466,0.0284753,8.58176e-06,13.8437,-30.4533,-3.1343799999999997,8,2,102,1.477371886784117
19108,211670075839610880,23.419,-21.9006,-4.96274,1.1387200000000002,-1.05179,-0.390268,3.31812e-05,23.430999999999997,-21.8899,-4.96563,8,2,102,1.4171565240143975
19110,76562293176926208,20.7344,-24.2985,-5.04189,0.395704,-0.450604,-0.153396,1.67507e-05,20.7368,-24.2964,-5.03924,8,2,102,1.4143266802300745
19113,94579028148617216,17.4705,-27.2138,-4.8453599999999994,0.192126,-0.280592,0.015927700000000003,1.44474e-05,17.4721,-27.2125,-4.83146,8,2,102,1.4224916706349435
19115,85571004260155392,18.9386,-25.9025,-0.6766810000000001,0.557036,-0.776937,-0.24268,1.96272e-05,18.9396,-25.9016,-0.679035,8,2,102,1.549637440990805
19121,842181239216537600,14.2594,-30.081999999999997,-3.1120900000000002,0.0789025,-0.187096,0.039235400000000004,1.29602e-05,14.2578,-30.0834,-3.11065,8,2,102,1.4776288858717401
19152,450363055113502720,25.7096,-20.2109,-2.0958900000000003,0.234256,-0.17166900000000002,-0.0771216,1.44474e-05,25.7091,-20.2119,-2.09586,8,2,103,1.5067959305293297
19153,175643477843902464,30.3658,-10.5484,-0.559121,0.249169,-0.0762795,0.0285533,1.07272e-05,30.3716,-10.5363,-0.5478930000000001,8,2,103,1.553754762606669
19157,891717467863252992,30.4552,-10.3628,-5.57292,0.39753499999999997,-0.12449600000000001,-0.08064249999999999,1.3277e-05,30.4584,-10.3561,-5.56455,8,2,103,1.3995222279857373
19161,423339601923407872,29.2951,-12.7702,0.486462,0.436221,-0.201213,-0.000810065,9.01219e-06,29.2932,-12.7741,0.46562600000000004,8,2,103,1.5562271042702942
19168,585478671796535296,28.7443,-13.9133,0.5487449999999999,0.618391,-0.310089,0.135739,1.40266e-05,28.7437,-13.9145,0.547562,8,2,103,1.5536516087937038
19177,630507315086229504,27.1861,-17.1468,-2.44394,0.26915700000000004,-0.15845399999999998,-0.000782383,5.25414e-06,27.1864,-17.1462,-2.45938,8,2,103,1.4944284700896564
19179,85592238578466816,27.1311,-17.261,0.239019,1.1840700000000002,-0.7374930000000001,-0.262997,2.76024e-05,27.1293,-17.2646,0.238765,8,2,103,1.5633714595139068
19181,454863905961803776,27.1513,-17.2191,-3.83511,0.592313,-0.387561,0.0714554,1.4323299999999999e-05,27.1511,-17.2194,-3.8335,8,2,103,1.4521225402220954
19187,648519377133502464,25.375,-20.9052,-3.1607,0.58865,-0.49753100000000006,-0.0865786,3.15412e-05,25.3753,-20.9046,-3.15957,8,2,103,1.4749882968754333
19193,265718837645672448,25.9067,-19.8019,-3.58239,0.175805,-0.14741400000000002,0.011321,1.75138e-05,25.9078,-19.7996,-3.5843800000000003,8,2,103,1.46131033554945
19215,387313003927699456,26.3467,-18.8888,-3.57005,0.8206950000000001,-0.5777800000000001,-0.0177195,2.3982100000000002e-05,26.3455,-18.8912,-3.5843800000000003,8,2,103,1.4606779096481333
19226,211670075839610880,24.4408,-22.8439,-5.31285,1.1391,-1.0512700000000001,-0.39036,2.8757e-05,24.4421,-22.8411,-5.3088,8,2,103,1.4134164421073272
19228,531432246452682752,27.8208,-15.8296,-0.189657,0.317969,-0.192445,0.0225541,1.4010999999999998e-05,27.8207,-15.8299,-0.207339,8,2,103,1.5643188986065935
19229,265715813988696064,27.3396,-16.8282,-4.8737699999999995,0.224985,-0.12678699999999998,0.00121561,1.10732e-05,27.3397,-16.8282,-4.87812,8,2,103,1.420000966423443
19230,873705474535456768,26.4814,-18.6091,-4.88207,2.28642,-1.61866,-1.00712,6.21641e-05,26.480999999999998,-18.6101,-4.8815800000000005,8,2,103,1.421101788220425
19231,873699152343597056,26.4745,-18.6235,-4.78633,1.30388,-0.9044979999999999,-0.565531,9.65947e-05,26.4749,-18.6227,-4.78709,8,2,103,1.4239675620059555
19236,882705939281477632,29.9991,-11.3092,-3.60848,1.04128,-0.40234200000000003,-0.115656,1.8942e-05,30.0026,-11.302,-3.60848,8,2,103,1.458716651885656
19245,585479977466593280,30.0536,-11.1963,0.329115,0.387402,-0.154415,0.0783422,1.00547e-05,30.046,-11.2119,0.328937,8,2,103,1.5605397618669368
19247,481885847323410432,25.823,-19.9755,-3.9498300000000004,0.47532700000000006,-0.380762,-0.04505580000000001,1.55991e-05,25.8219,-19.9778,-3.95128,8,2,103,1.45035489212113
19253,225192282154860544,32.086999999999996,1.80418,0.775537,0.48644,0.0379781,-0.173739,1.00547e-05,32.0861,1.7885799999999998,0.7783329999999999,8,2,104,1.5465810232421018
19256,896223060355448832,31.8291,-2.76831,-5.14656,0.289296,-0.015662799999999998,-0.008847399999999998,1.3277e-05,31.8294,-2.76341,-5.15937,8,2,104,1.4106915110014757
19258,585479977466593280,31.325,-11.7042,0.5865600000000001,0.387252,-0.154419,0.0785275,7.232310000000001e-06,31.3251,-11.7024,0.588526,8,2,104,1.5531984808699666
19263,202673665542717440,31.5697,-7.3657,0.0918171,0.563875,-0.14309000000000002,-0.08792439999999999,1.13723e-05,31.5697,-7.36574,0.09063070000000001,8,2,104,1.5680006079781112
19267,486395975301070848,31.9473,-0.672845,-1.39055,0.243306,0.00357703,-0.026324,1.57624e-05,31.9481,-0.657533,-1.39063,8,2,104,1.5273052002950707
19279,387339598365196288,31.5652,-7.44658,-4.65705,0.347156,-0.0921378,-0.0171965,1.14659e-05,31.5651,-7.447589999999999,-4.65313,8,2,104,1.4282945368735938
19280,333272076141985792,31.6751,-5.49717,-0.08086739999999999,0.363663,-0.0546447,-0.05052380000000001,1.1345799999999999e-05,31.6752,-5.49608,-0.08513949999999999,8,2,104,1.5681480123648528
19281,423339601923407872,31.2148,-13.658,0.483321,0.436241,-0.200881,-0.00043404699999999996,6.860019999999999e-06,31.2147,-13.6594,0.46562600000000004,8,2,104,1.557131443758043
19282,891717467863252992,31.3843,-10.652999999999999,-5.76135,0.397737,-0.12372000000000001,-0.0806116,1.1345799999999999e-05,31.3843,-10.6533,-5.76075,8,2,104,1.3987013583482224
19301,882705939281477632,31.3185,-11.8196,-3.75504,1.04093,-0.403084,-0.11527000000000001,1.70478e-05,31.3185,-11.8194,-3.7531199999999996,8,2,104,1.459144061510564
19302,531431215660531712,31.8921,-1.65127,-4.12922,1.0588,-0.06485389999999999,-0.06587389999999999,2.9911999999999998e-05,31.8918,-1.65595,-4.14688,8,2,104,1.441664181327578
19309,585487536609034240,31.8543,-2.3214099999999998,0.920228,0.501603,-0.0264845,0.104396,1.2190899999999999e-05,31.8545,-2.3178099999999997,0.922999,8,2,104,1.5419053014171087
19310,900740472597643264,31.6433,-6.062069999999999,-2.90785,0.41132399999999997,-0.0893293,-0.00713182,1.3277e-05,31.6432,-6.06292,-2.90937,8,2,104,1.4807401919036989
19324,108090308067065856,32.0152,0.531976,-0.537668,0.290794,-0.00523743,0.0126272,1.00547e-05,32.0157,0.540562,-0.546879,8,2,104,1.5537188333366871
19326,342273640399634432,31.6316,-6.26927,-1.45876,0.426889,-0.0752623,-0.0249672,1.57624e-05,31.6315,-6.2701,-1.44688,8,2,104,1.5259576644116066
19337,535932066508832768,32.0763,1.6142100000000001,-1.7672299999999999,0.416108,0.030265300000000002,-0.0509333,1.3277e-05,32.0767,1.62096,-1.77383,8,2,104,1.5156232111771735
19342,175643477843902464,31.3729,-10.8549,-0.44446499999999994,0.249363,-0.0751715,0.0283223,7.42652e-06,31.373,-10.8533,-0.43437600000000004,8,2,104,1.557712386113337
19343,85576982854631424,31.8541,-2.32484,-5.2559,0.8917950000000001,-0.055147400000000006,-0.35648,2.16453e-05,31.8542,-2.3228299999999997,-5.2548699999999995,8,2,104,1.4077278129611002
19352,585487330450604032,31.9563,-0.5122270000000001,-2.4314400000000003,0.314585,-0.013585,0.0313753,1.3277e-05,31.9566,-0.507771,-2.4325799999999997,8,2,104,1.4948310327152885
19367,734089281882030080,31.9215,-1.1290200000000001,0.658172,0.187115,-0.0172407,0.0092276,1.1345799999999999e-05,31.9216,-1.1281,0.6463300000000001,8,2,104,1.5505643007478123
19383,387329084285255680,31.9125,-1.2896299999999998,-2.7932900000000003,0.246234,-0.0196813,0.00138514,1.75138e-05,31.9125,-1.2892,-2.79688,8,2,104,1.48344843347896
19386,288241646145896448,31.7022,-5.01767,-1.44075,0.602803,-0.08612719999999999,-0.212404,0.0,31.7021,-5.01853,-1.43926,8,2,104,1.5259852065364408
19391,4518374314868736,31.6635,-5.70412,-2.37702,0.196796,-0.0455444,0.00182205,1.44474e-05,31.6633,-5.7077800000000005,-2.40313,8,2,104,1.4962422613706228
27322,135117953145241600,-33.8013,-63.8129,0.14241600000000001,-0.154064,-0.330912,0.00245064,7.42652e-06,-33.8011,-63.813,0.128124,8,4,198,1.5690220597837976
27324,729585338657275904,-41.4482,-61.013999999999996,-2.10644,-0.329841,-0.525717,-0.028681799999999997,9.228710000000001e-06,-41.4482,-61.013999999999996,-2.12188,8,4,198,1.5420372320893438
27329,153125342268096512,-40.9003,-61.2146,-3.68106,-0.0893457,-0.176155,-0.00094033,1.10732e-05,-40.9016,-61.2141,-3.69688,8,4,198,1.5206237048467233
27330,716079006541152256,-37.1816,-62.5757,-6.0945599999999995,-0.24184899999999998,-0.36675,-0.026549,1.1345799999999999e-05,-37.183,-62.5752,-6.10912,8,4,198,1.487063343528601
27334,896222029563297792,-36.9827,-62.6485,-5.31485,-0.316467,-0.492845,-0.009108499999999999,1.2215e-05,-36.9802,-62.6494,-5.328130000000001,8,4,198,1.4976874057293699
27338,378312401742725120,-35.3557,-63.244,-6.53639,-0.279699,-0.45664799999999994,0.0405784,1.06396e-05,-35.3538,-63.2447,-6.53744,8,4,198,1.480812875608929
27341,689054866156290048,-36.1424,-62.956,-0.24236100000000002,-0.184593,-0.36520199999999997,0.023399700000000002,8.643489999999999e-06,-36.145,-62.9551,-0.253813,8,4,198,1.5672999776582237
27342,553943853678198784,-37.2074,-62.5662,-3.59315,-0.35246500000000003,-0.552327,0.050974,1.4179800000000001e-05,-37.2084,-62.5659,-3.5843800000000003,8,4,198,1.5215959729383195
27348,153123555578486786,-32.7912,-64.1827,-3.4436199999999997,-0.046373199999999996,-0.239405,-0.328639,1.0580199999999999e-05,-32.7972,-64.1805,-3.4347300000000005,8,4,198,1.5231773514431395
27362,648521713595711488,-18.1983,-69.5712,-0.0954447,-0.0996508,-0.47016899999999995,-0.00532859,7.232310000000001e-06,-18.199,-69.571,-0.0968742,8,4,199,1.569449205072699
27363,531430116148903936,-20.9962,-69.1353,-8.37758,-0.349452,-1.22672,-0.10990899999999999,2.5438000000000003e-05,-20.9991,-69.1349,-8.36563,8,4,199,1.4555282235402256
27372,31531657022406656,-19.0348,-69.4409,-1.2160799999999998,-0.0928168,-0.259178,0.0052701,9.51823e-06,-19.0339,-69.441,-1.22187,8,4,199,1.5538280983001223
27375,761119607036583938,-25.741999999999997,-68.3961,-12.6643,0.05853330000000001,0.143146,0.126118,1.10732e-05,-25.7403,-68.3964,-12.6609,8,4,199,1.3992510729864422
27377,630507452525182976,-17.1004,-69.7422,-3.82277,-0.45665900000000004,-1.95602,-0.040355300000000004,3.87477e-05,-17.1024,-69.7419,-3.8093800000000004,8,4,199,1.5177966707203265
27383,405324310060728320,-16.7851,-69.7913,-1.67808,-0.221348,-1.01409,-0.035822900000000005,1.7558499999999998e-05,-16.7852,-69.7913,-1.67188,8,4,199,1.5475092646790471
27384,896221960843821056,-15.0679,-70.0588,-10.6429,-0.22648400000000002,-1.1463,-0.10370499999999999,2.51342e-05,-15.0678,-70.0588,-10.6426,8,4,199,1.4233604871165104
27390,490892977858674688,-7.91592,-71.937,-1.50173,-0.09361110000000002,-0.649451,-0.031717,1.17803e-05,-7.916410000000001,-71.937,-1.50312,8,4,200,1.550029746274606
27391,387351555554148352,-11.7087,-72.0957,-7.574489999999999,-0.08910080000000001,-0.410315,-0.0274692,1.61366e-05,-11.7068,-72.0957,-7.578130000000001,8,4,200,1.4674130588510101
27392,315262350556921856,-0.191955,-71.6138,-9.8179,-0.0238019,-0.258135,-0.0414249,8.643489999999999e-06,-0.18901199999999999,-71.6136,-9.82037,8,4,200,1.434516826398749
27404,337778561987379200,-12.645999999999999,-72.135,-10.9624,-0.21055,-1.07332,-0.186914,2.2145e-05,-12.6454,-72.1349,-10.9615,8,4,200,1.4222233479847857
27407,13523924302168064,0.161673,-71.59899999999999,-3.8810599999999997,-0.0162097,-1.8234700000000001,-0.044735199999999996,2.83248e-05,0.161502,-71.59899999999999,-3.8656300000000003,8,4,200,1.5168588311713407
27409,630507246366752768,-9.16002,-71.9891,-5.500769999999999,-0.202761,-1.4287100000000001,-0.06290269999999999,3.0462800000000002e-05,-9.16217,-71.9892,-5.49688,8,4,200,1.4951946876222213
27427,315262350556921856,-0.390796,-73.7163,-10.1553,-0.0245305,-0.25809,-0.0410112,7.232310000000001e-06,-0.390323,-73.7162,-10.1573,8,4,201,1.433871186894751
27432,288239240964210688,12.4696,-70.594,-5.06858,0.195991,-1.22541,-0.258439,2.48178e-05,12.4704,-70.5938,-5.07206,8,4,201,1.500160970553676
27438,738592537928802306,7.98384,-71.6831,-4.08666,-0.06877269999999999,-0.30749099999999996,0.162735,1.00547e-05,7.984439999999999,-71.6829,-4.08898,8,4,201,1.51416492918227
27439,630511781852217344,11.0479,-70.9392,-2.3249299999999997,0.05805790000000001,-0.236373,0.0007002410000000001,1.75138e-05,11.050999999999998,-70.9384,-2.34687,8,4,201,1.5381190281532058
27443,13523924302168064,0.143368,-73.5866,-3.92982,-0.017713099999999996,-1.82339,-0.0455171,2.31748e-05,0.144495,-73.5863,-3.9218800000000003,8,4,201,1.5175504724616702
27445,0,10.9607,-70.9603,-10.2509,-97495.6,-983072.0,155127.0,0.0,10.9589,-70.9608,-10.2504,8,4,201,1.4289952775481518
27447,585477503565430784,27.564,-66.08,-0.0890133,0.124225,-0.35394200000000003,0.030650099999999996,6.674700000000001e-06,27.5631,-66.0804,-0.0968742,8,4,202,1.5694433074628273
27450,585480114905546752,21.0694,-69.0942,-7.4493100000000005,0.410418,-1.41949,-0.036256800000000006,3.11344e-05,21.0719,-69.0931,-7.46563,8,4,202,1.4678098641348083
27452,351287505443618816,27.9339,-65.9084,-9.279760000000001,0.754376,-1.83413,-0.147297,3.06274e-05,27.9345,-65.9081,-9.26563,8,4,202,1.4420741592601747
27462,13524130460598272,26.7133,-66.4749,-4.758769999999999,0.114577,-0.22743000000000002,-0.00831693,1.4010999999999998e-05,26.7218,-66.4709,-4.765630000000001,8,4,202,1.5043732144871398
27464,846679066407862272,23.281999999999996,-68.0674,-7.9920100000000005,0.08707960000000001,-0.321214,-0.043493300000000006,1.0508299999999999e-05,23.2807,-68.0679,-7.99073,8,4,202,1.4601734358131049
27465,378307247781969920,16.3585,-71.2806,-7.64425,0.12451199999999998,-0.646411,0.0387396,1.62561e-05,16.3609,-71.2795,-7.63438,8,4,202,1.4667828031311245
27466,288236217307234304,19.6534,-69.7514,-9.25484,0.303008,-0.992257,-0.272435,2.2588600000000003e-05,19.6563,-69.7501,-9.249189999999999,8,4,202,1.4438493248318005
27473,657528156936208384,22.2227,-68.559,-5.02928,0.09519069999999999,-0.362437,0.00987479,1.1345799999999999e-05,22.22,-68.5602,-5.046880000000001,8,4,202,1.5008839553589841
27477,252205633581875200,16.1589,-71.3732,-5.81958,0.05959069999999999,-0.36772,-0.0223742,1.1345799999999999e-05,16.1593,-71.3731,-5.83438,8,4,202,1.491237661356548
27485,13524130460598272,27.6785,-68.37899999999999,-4.8285,0.114728,-0.227316,-0.00787215,1.0508299999999999e-05,27.6801,-68.3779,-4.82188,8,4,203,1.505523756997718
27487,585477503565430784,28.2268,-67.9785,0.0757586,0.12319300000000001,-0.354167,0.030623900000000003,5.24441e-06,28.2273,-67.9782,0.0718727,8,4,203,1.5698198730155686
27490,85576226940387328,32.7495,-64.6749,-5.21755,0.12341700000000001,-0.293928,-0.0544266,1.4010999999999998e-05,32.7521,-64.673,-5.2157800000000005,8,4,203,1.4989717749662517
27491,756608929286324224,29.8643,-66.7824,-9.710339999999999,0.12335399999999999,-0.223379,-0.0568513,6.60135e-06,29.8677,-66.7799,-9.70696,8,4,203,1.4388763968379468
27497,540438621073702912,38.2283,-60.6729,-6.66878,0.20288699999999998,-0.361736,-0.101306,1.07272e-05,38.2302,-60.6716,-6.665039999999999,8,4,203,1.4781206203181356
27505,873705405815980032,36.4494,-61.9723,0.025247799999999997,0.538218,-0.8747540000000001,-0.0965323,1.81319e-05,36.4481,-61.9733,0.015621200000000002,8,4,203,1.570579054348485
27506,351287505443618816,28.6559,-67.6651,-9.42083,0.7534390000000001,-1.8344900000000002,-0.146954,2.50588e-05,28.6531,-67.6672,-9.43438,8,4,203,1.4431074166504276
27517,85582068095909888,46.736999999999995,-54.8691,0.0280474,0.402385,-0.43847200000000003,-0.062837,9.97342e-06,46.7336,-54.8728,0.015969399999999998,8,4,204,1.5705747656616338
27526,387309774129078274,49.6369,-51.7159,-9.25019,0.14056400000000002,-0.0643528,-0.0436493,3.52675e-05,49.6373,-51.7154,-9.24668,8,4,204,1.4425093506694746
27527,135108538576928768,47.7837,-53.731,-2.07673,1.00895,-1.16499,-0.0356413,2.68215e-05,47.7817,-53.7332,-2.06562,8,4,204,1.542077206393625
27533,94579028148617216,42.1102,-59.9,-2.41757,0.21425999999999998,-0.262963,0.0209417,1.21358e-05,42.1122,-59.898,-2.40313,8,4,204,1.5379875470000572
27537,85571004260155392,42.4126,-59.5712,-11.0151,0.536246,-0.791376,-0.24030300000000002,1.62864e-05,42.4119,-59.5721,-11.017999999999999,8,4,204,1.4212524266918365
27543,4511639806148608,42.2986,-59.6953,-2.80402,0.272846,-0.347664,-0.00355133,1.21358e-05,42.2987,-59.6951,-2.79688,8,4,204,1.5325863686484213
27554,648519377133502464,55.1587,-46.9696,-7.7291300000000005,0.571736,-0.515462,-0.08952710000000001,2.31302e-05,55.1594,-46.9684,-7.73473,8,4,205,1.4644354703427866
27560,481885847323410432,56.1096,-45.4089,-6.7455,0.45824,-0.400378,-0.043263,1.33301e-05,56.11,-45.4081,-6.734380000000001,8,4,205,1.4777682791126545
27561,22520059721154560,56.8499,-44.1939,-10.0803,3.10717,-2.38707,-0.314247,6.06791e-05,56.8491,-44.1952,-10.0796,8,4,205,1.43171955013356
27565,454863905961803776,59.7462,-39.4402,0.074297,0.577909,-0.407686,0.0697586,1.1049400000000001e-05,59.7448,-39.4426,0.0718727,8,4,205,1.5697923813635886
27572,265718837645672448,54.8984,-47.3967,-1.42572,0.156904,-0.166414,0.0119084,1.4010999999999998e-05,54.9003,-47.3937,-1.44241,8,4,205,1.5509111200437775
27577,387309774129078274,51.6881,-52.6656,-9.88866,0.139944,-0.0657235,-0.043164,1.88093e-05,51.6839,-52.6726,-9.889289999999999,8,4,205,1.4375788218222767
27582,387313003927699456,58.7654,-41.05,-4.24974,0.834627,-0.555884,-0.017457499999999997,2.04938e-05,58.7646,-41.0514,-4.25938,8,4,205,1.5114466915236024
27586,288239790720024576,59.0315,-40.6132,-6.5220199999999995,0.146756,-0.07493810000000001,-0.038064999999999995,1.4010999999999998e-05,59.0273,-40.6201,-6.5246,8,4,205,1.4799890082132816
27591,288239790720024576,60.9622,-41.5896,-7.02187,0.147009,-0.0742135,-0.0380918,1.0508299999999999e-05,60.9611,-41.5927,-7.026269999999999,8,4,206,1.475873518826114
27592,265715813988696064,63.42,-34.8748,-4.91879,0.23531999999999997,-0.10418,-0.0009974180000000001,1.4948900000000002e-05,63.4201,-34.8745,-4.93438,8,4,206,1.5027249972598697
27594,630507315086229504,62.9415,-36.1822,-2.3555,0.280416,-0.13552999999999998,-0.00035901,1.75138e-05,62.9405,-36.1849,-2.34687,8,4,206,1.5384818331254115
27602,454863905961803776,61.3374,-40.5647,0.265863,0.577318,-0.408497,0.0683722,8.18476e-06,61.3378,-40.5637,0.26406999999999997,8,4,206,1.5672053771207777
27605,288234842917699584,63.1915,-35.4992,-8.229460000000001,0.42850299999999997,-0.216013,-0.11848900000000001,1.21358e-05,63.1914,-35.4994,-8.22936,8,4,206,1.4577408499517372
27606,873703619109584896,61.7108,-39.5445,-3.4537400000000003,0.559218,-0.384256,-0.09518330000000001,1.6680799999999998e-05,61.7098,-39.5471,-3.4576800000000003,8,4,206,1.5236560639244452
27607,85592238578466816,62.0383,-38.6498,-7.490460000000001,1.1955,-0.71785,-0.262635,2.29041e-05,62.0388,-38.6483,-7.48987,8,4,206,1.468681536158288
27610,423339601923407872,65.1138,-30.2472,0.434433,0.425533,-0.221318,-0.000330935,5.380409999999999e-06,65.1144,-30.2455,0.40937399999999996,8,4,206,1.5650944885757152
27619,22518066856329216,61.8756,-39.0941,-7.79663,1.51305,-0.9801979999999999,-0.0863574,3.74502e-05,61.8761,-39.0929,-7.80313,8,4,206,1.464584128649273
35146,621501902537883648,-18.0163,-113.97200000000001,19.9629,-0.022727200000000003,-0.3611,0.0661327,8.09054e-06,-18.0194,-113.971,19.9627,8,6,376,1.3994851294708743
35149,400824077687717888,-28.7333,-113.529,0.857669,-0.142514,-0.49010699999999996,-0.0605494,9.24998e-06,-28.730999999999998,-113.529,0.8581549999999999,8,6,376,1.5634685695319521
35153,747597744301932544,-24.3367,-113.711,1.6091799999999998,-0.277371,-1.4722600000000001,-0.0323491,2.3592399999999998e-05,-24.3379,-113.711,1.61562,8,6,376,1.556903763487425
35159,387321731301244928,-25.6017,-113.65899999999999,16.8092,-0.0784059,-0.503834,0.0862817,1.0341700000000001e-05,-25.5965,-113.65899999999999,16.8083,8,6,376,1.4275146051760406
35161,63052250209058816,-21.131999999999998,-113.84299999999999,14.3757,-0.138796,-0.5468729999999999,0.0746692,1.12245e-05,-21.1307,-113.84299999999999,14.383,8,6,376,1.4472104083707233
35165,648521713595711488,-26.5128,-113.62100000000001,-0.738391,-0.0753558,-0.47392799999999996,-0.00677051,4.14535e-06,-26.5103,-113.62100000000001,-0.746876,8,6,376,1.5643949530460972
35171,635009471604588544,-8.99175,-115.699,19.1142,-0.119005,-1.07907,0.12493599999999999,1.96932e-05,-8.99173,-115.699,19.1094,8,6,377,1.4075926898671127
35173,301744954605043712,-11.9788,-115.93700000000001,-0.221663,-0.088728,-0.7142189999999999,-0.11406,1.89486e-05,-11.981,-115.93700000000001,-0.22494,8,6,377,1.568866415215379
35175,0,-5.86515,-115.449,13.3528,157770.0,-974894.0,-157130.0,0.0,-5.84934,-115.448,13.3518,8,6,377,1.4558019966374962
35180,738592537928802306,-3.6644,-115.274,18.934,-0.09468170000000001,-0.30041799999999996,0.16176,8.643489999999999e-06,-3.6665,-115.274,18.9354,8,6,377,1.4080668661435127
35183,4519473826496512,-8.50509,-115.66,6.20069,0.0110815,-0.34980500000000003,0.025142400000000002,7.724789999999999e-06,-8.50423,-115.66,6.2018,8,6,377,1.517370619590686
35187,225190770343153665,1.03093,-114.899,18.2628,-0.13683800000000002,0.202694,0.051401499999999996,1.61366e-05,1.03271,-114.899,18.2616,8,6,377,1.4131848327384116
35192,49540214376366080,-4.59226,-115.348,0.374639,-0.06088480000000001,-0.7594890000000001,-0.0262786,1.0979000000000001e-05,-4.59103,-115.348,0.37812399999999996,8,6,377,1.567520817042212
35194,225190770326372352,2.12037,-116.52799999999999,17.8473,-0.0261058,-0.486005,0.0244404,0.0,2.12007,-116.52799999999999,17.8562,8,6,378,1.4187685818791118
35200,225190770343153665,2.12037,-116.52799999999999,17.8473,-0.135472,0.203562,0.0518479,2.20045e-05,2.12098,-116.52799999999999,17.8431,8,6,378,1.4188784278073838
35203,225204514238500865,12.5844,-114.402,0.8777950000000001,0.131132,-0.17567,0.104952,1.29602e-05,12.5832,-114.402,0.8782700000000001,8,6,378,1.563165445285636
35205,630522227212681216,13.4608,-114.22399999999999,20.0453,0.22765500000000002,-2.16776,0.42212200000000005,3.62368e-05,13.4632,-114.22399999999999,20.0459,8,6,378,1.3982397392302979
35209,837676608797016064,4.7811,-115.98700000000001,4.3049800000000005,0.052740300000000004,-0.412641,0.0206705,4.76764e-06,4.78454,-115.98700000000001,4.31562,8,6,378,1.5336372651005659
35211,261217574480510976,8.73145,-115.185,12.4905,0.0136591,-0.659853,0.0537886,1.2367999999999999e-05,8.72799,-115.186,12.4796,8,6,378,1.463180368473079
35216,0,21.1161,-113.77,7.89703,-104108.0,-933024.0,344422.0,0.0,21.113000000000003,-113.771,7.901860000000001,8,6,379,1.5026139990267047
35218,225204514238500865,13.8976,-116.17200000000001,1.9332200000000002,0.130224,-0.176483,0.10460599999999999,1.0158e-05,13.8991,-116.17200000000001,1.93189,8,6,379,1.5542860183067237
35223,27022284958990336,17.9085,-114.838,9.59228,0.00387021,-0.235672,0.0332962,8.40662e-06,17.9116,-114.837,9.59707,8,6,379,1.4884103727907805
35224,130605488705372160,23.3724,-113.01899999999999,1.3837700000000002,-0.00399869,-0.167691,-0.00614201,8.40662e-06,23.373,-113.01899999999999,1.39063,8,6,379,1.5587474899200133
35226,630522227212681216,13.6727,-116.24700000000001,20.4392,0.225804,-2.16784,0.42240900000000003,2.9841999999999997e-05,13.6747,-116.24700000000001,20.437,8,6,379,1.3979361175000218
35231,490899643647918080,31.5632,-111.869,18.3081,0.042633,-0.275517,0.0396676,7.42652e-06,31.5655,-111.868,18.312,8,6,380,1.4145391891575732
35233,585477503565430784,40.5974,-107.59299999999999,3.5219199999999997,0.09958049999999999,-0.360783,0.031227800000000003,4.76764e-06,40.5956,-107.59299999999999,3.5281300000000004,8,6,380,1.5401256937208565
35236,216179310464073728,36.1927,-109.677,11.4184,0.174346,-0.41862200000000005,0.0429744,9.82423e-06,36.193000000000005,-109.677,11.405999999999999,8,6,380,1.4723575707319567
35237,842181239216537600,37.8643,-108.88600000000001,12.7723,0.0341856,-0.19798,0.0380061,6.1298300000000006e-06,37.8657,-108.88600000000001,12.7722,8,6,380,1.460455527805397
35238,288239859439501312,38.4724,-108.598,6.79598,0.08728589999999999,-0.355197,-0.00931744,8.09054e-06,38.4756,-108.59700000000001,6.79063,8,6,380,1.5119238596055897
35242,860190277606834176,47.0611,-105.833,10.2877,0.353601,-0.707808,0.10443699999999999,6.816030000000001e-06,47.0606,-105.833,10.2802,8,6,381,1.4822716325645915
35243,76566485065007104,49.8492,-104.073,5.15775,0.08777130000000001,-0.264352,0.00585316,1.0158e-05,49.8501,-104.073,5.15937,8,6,381,1.526115929136463
35244,585477503565430784,41.1395,-109.569,3.69291,0.0985541,-0.36099499999999995,0.0313528,3.81411e-06,41.1422,-109.568,3.69688,8,6,381,1.5392197435251043
35245,837681350440910848,46.4858,-106.196,4.23048,0.534255,-1.13924,0.07861889999999999,1.23127e-05,46.4872,-106.195,4.22919,8,6,381,1.5343301495420896
35258,27022353678467072,65.8012,-94.2333,13.2854,0.139216,-0.25478,0.0542326,1.0158e-05,65.803,-94.2317,13.2829,8,6,382,1.455736207606842
35260,486396868654268416,57.8184,-100.738,19.6761,0.282719,-0.423626,0.0786873,1.0344000000000001e-05,57.8157,-100.74,19.6719,8,6,382,1.4030244192867707
35261,288234705478746112,62.8901,-96.6054,4.2602400000000005,0.575804,-0.945867,-0.0532486,1.59792e-05,62.8855,-96.6091,4.25938,8,6,382,1.5338628147614286
35262,27022353678467072,66.7343,-95.9492,13.6502,0.138234,-0.255226,0.0543784,8.40662e-06,66.7342,-95.9493,13.6492,8,6,383,1.4545381672851312
35271,882706008000954368,74.4608,-87.9206,12.1034,0.35339899999999996,-0.470772,0.06184780000000001,8.497060000000001e-06,74.461,-87.9204,12.0998,8,6,383,1.4661603373549974
35272,13511623515832320,71.1987,-91.3103,18.0701,1.52844,-1.9050900000000002,0.42811800000000005,4.17599e-05,71.1957,-91.3134,18.0718,8,6,383,1.4159694242651428
35273,135115960280416256,74.5208,-87.8583,20.1653,0.17446199999999998,-0.15063900000000002,0.039809,9.414580000000002e-06,74.5244,-87.8546,20.1657,8,6,383,1.3975108224993749
35275,342279481555156992,70.2007,-92.3474,8.14172,0.274043,-0.417436,0.0318608,9.42847e-06,70.1998,-92.3482,8.14062,8,6,383,1.5007339595695655
35276,234188761171230720,75.8675,-86.459,15.8987,0.25501799999999997,-0.236932,0.0380983,1.29602e-05,75.8655,-86.461,15.9031,8,6,383,1.4334112126987084
35277,135108744735358976,70.2985,-92.2457,3.6704199999999996,0.38366500000000003,-0.560869,0.0217441,1.0431400000000001e-05,70.2984,-92.2458,3.6787900000000002,8,6,383,1.5390875375882482
35278,94579028148617216,70.4487,-92.0897,0.21422199999999997,0.232215,-0.24629099999999998,0.0199449,9.82423e-06,70.4489,-92.0894,0.209373,8,6,383,1.5689905505081019
35283,234188761171230720,77.3452,-87.8272,16.1191,0.255639,-0.236159,0.0383485,1.0158e-05,77.3448,-87.8277,16.1281,8,6,384,1.4338468046792576
35284,882705870562000896,86.7307,-75.3625,11.7042,0.608086,-0.48385900000000004,0.0820967,1.0743599999999998e-05,86.7311,-75.3619,11.6982,8,6,384,1.4693327439711323
35285,265718837645672448,82.8006,-80.5819,1.4627,0.136423,-0.18246300000000001,0.0154131,1.0508299999999999e-05,82.8016,-80.5807,1.44688,8,6,384,1.5582741542110066
35288,315253417024946176,81.52600000000001,-82.2748,14.5798,0.141179,-0.0978433,0.0202267,1.17357e-05,81.5248,-82.2764,14.5776,8,6,384,1.4455970352705105
35289,635011808066797568,82.3463,-81.1853,13.6381,0.476279,-0.419493,0.0406237,8.036169999999999e-06,82.3456,-81.1863,13.6531,8,6,384,1.4532722291301852
35292,13511486076878848,86.8818,-75.1618,12.7554,1.18526,-0.9788610000000001,0.197581,2.1534e-05,86.8805,-75.1635,12.7531,8,6,384,1.4602381426663975
35296,13511486076878848,88.2688,-76.3065,12.9865,1.18563,-0.9781559999999999,0.19830899999999999,1.76886e-05,88.2708,-76.3031,12.9781,8,6,385,1.460022187888276
35299,761124554822123520,88.1712,-76.4752,10.1895,0.11767000000000001,-0.147309,0.0130951,1.0158e-05,88.1722,-76.4735,10.1824,8,6,385,1.4837755354109101
35300,360288657384407040,92.794,-68.4862,3.20313,0.6277149999999999,-0.50793,0.016232299999999998,1.46831e-05,92.7964,-68.482,3.19062,8,6,385,1.5431381918630827
35301,882705870562000896,88.1586,-76.4971,11.8969,0.609053,-0.482462,0.0825732,9.54986e-06,88.1577,-76.4986,11.9084,8,6,385,1.469123726408952
35303,171138022790660096,91.1645,-71.3022,13.6461,4.40289,-3.48518,0.46317600000000003,4.91212e-05,91.1662,-71.2992,13.6531,8,6,385,1.4533715444399147
35304,337772652112379904,92.5474,-68.9123,11.9024,0.420454,-0.27255799999999997,0.0454536,9.11327e-06,92.5475,-68.9122,11.9094,8,6,385,1.467946960995976
35307,454863905961803776,94.7586,-65.09100000000001,4.20299,0.5625829999999999,-0.427713,0.0669477,7.36628e-06,94.7574,-65.093,4.203119999999999,8,6,385,1.53425138012122
35308,85570660662771712,97.2151,-64.1925,10.8161,0.143967,-0.13405899999999998,0.00981083,1.0158e-05,97.2152,-64.1924,10.8247,8,6,386,1.4781437790325196
35309,454863905961803776,96.3225,-66.282,4.38921,0.561771,-0.42874799999999996,0.0664928,5.93395e-06,96.3225,-66.2821,4.37918,8,6,386,1.5333607698042802
35310,585478671796535296,101.77799999999999,-53.5123,17.1224,0.594751,-0.350603,0.137527,9.71075e-06,101.777,-53.5135,17.1199,8,6,386,1.4229978411985218
35315,531432246452682752,97.0268,-64.6334,4.858140000000001,0.287748,-0.233461,0.0222237,8.75689e-06,97.0281,-64.6303,4.8745,8,6,386,1.5290091483231227
35316,0,97.1432,-64.361,15.2182,988750.0,-41817.3,143614.0,0.0,97.1414,-64.3651,15.2212,8,6,386,1.4409116044578096
35324,585479977466593280,105.71,-46.9642,16.7127,0.36298400000000003,-0.200704,0.08189199999999999,4.14535e-06,105.709,-46.9658,16.7138,8,6,387,1.4272973380761564
35327,423339601923407872,104.272,-51.9088,0.275309,0.41261800000000004,-0.24366300000000002,-0.00162951,4.6406e-06,104.272,-51.9109,0.265625,8,6,387,1.5685158796248957
35329,171142695715078144,104.34899999999999,-51.6445,15.5341,1.7674299999999998,-0.8364739999999999,0.192404,3.13602e-05,104.34899999999999,-51.6461,15.5306,8,6,387,1.4381895266745146
35332,585478671796535296,103.509,-54.5348,17.5228,0.593492,-0.352468,0.137978,8.63177e-06,103.509,-54.5335,17.5207,8,6,387,1.4221460388939207
35336,175643477843902464,111.76,-26.781999999999996,8.11064,0.25758600000000004,-0.024253,0.026765300000000002,5.3636e-06,111.758,-26.7944,8.108189999999999,8,6,388,1.5003611183388144
35349,49541863643807744,111.427,-28.8218,17.2606,0.190289,-0.013151099999999999,0.0243797,9.414580000000002e-06,111.428,-28.8175,17.2531,8,6,388,1.4219999546815207
35350,4518374314868736,110.413,-35.0202,-0.354214,0.17698699999999998,-0.0906306,0.00654552,9.82423e-06,110.413,-35.0241,-0.353127,8,6,388,1.5677477983823598
35351,418836345893421056,111.806,-26.5057,5.46619,0.488808,-0.150332,0.07951439999999999,7.378739999999999e-06,111.805,-26.5083,5.46697,8,6,388,1.523253805864462
35359,734089281882030080,113.875,-20.3648,5.1386,0.173575,-0.06691849999999999,0.00918726,4.94869e-06,113.875,-20.3649,5.15773,8,6,389,1.5262402860152962
35360,553944334714535936,114.01,-17.0935,0.607917,0.8432069999999999,-0.09334049999999999,0.07072830000000001,1.53443e-05,114.01,-17.0904,0.6031270000000001,8,6,389,1.565564704215022
35364,418836345893421056,113.598,-27.0592,5.7579,0.48823900000000003,-0.151943,0.0796048,6.47889e-06,113.598,-27.0611,5.75949,8,6,389,1.5215157386770006
35367,0,114.199,-12.495999999999999,15.5531,999474.0,-21902.2,-23934.5,0.0,114.2,-12.4896,15.5656,8,6,389,1.4361231387573201
35369,225183692220268544,114.022,-16.7832,3.3358199999999996,0.394517,-0.0922282,-0.0309409,9.82423e-06,114.022,-16.7827,3.3424099999999997,8,6,389,1.5418031885043437
35373,351288604955246592,114.16,-13.4494,14.9705,0.935524,-0.0764559,0.155003,1.60747e-05,114.16,-13.4509,14.9718,8,6,389,1.4412788877451488
35374,49541863643807744,113.52,-28.9596,17.5286,0.19023299999999999,-0.0124931,0.0246505,7.724789999999999e-06,113.52,-28.9624,17.5344,8,6,389,1.4222324002507098
35376,13519594975133696,113.666,-25.4251,10.3557,0.82529,-0.219327,0.0924044,1.13519e-05,113.666,-25.4238,10.3504,8,6,389,1.4821651183334366
35377,175643477843902464,113.603,-26.9515,8.302010000000001,0.257587,-0.023274299999999998,0.026814299999999996,3.71326e-06,113.603,-26.9522,8.30938,8,6,389,1.4997476147038928
